CREATE DATABASE  IF NOT EXISTS `group7_ods` /*!40100 DEFAULT CHARACTER SET utf8mb4 COLLATE utf8mb4_0900_ai_ci */ /*!80016 DEFAULT ENCRYPTION='N' */;
USE `group7_ods`;
-- MySQL dump 10.13  Distrib 8.0.27, for macos11 (x86_64)
--
-- Host: 127.0.0.1    Database: group7_ods
-- ------------------------------------------------------
-- Server version	8.0.27

/*!40101 SET @OLD_CHARACTER_SET_CLIENT=@@CHARACTER_SET_CLIENT */;
/*!40101 SET @OLD_CHARACTER_SET_RESULTS=@@CHARACTER_SET_RESULTS */;
/*!40101 SET @OLD_COLLATION_CONNECTION=@@COLLATION_CONNECTION */;
/*!50503 SET NAMES utf8 */;
/*!40103 SET @OLD_TIME_ZONE=@@TIME_ZONE */;
/*!40103 SET TIME_ZONE='+00:00' */;
/*!40014 SET @OLD_UNIQUE_CHECKS=@@UNIQUE_CHECKS, UNIQUE_CHECKS=0 */;
/*!40014 SET @OLD_FOREIGN_KEY_CHECKS=@@FOREIGN_KEY_CHECKS, FOREIGN_KEY_CHECKS=0 */;
/*!40101 SET @OLD_SQL_MODE=@@SQL_MODE, SQL_MODE='NO_AUTO_VALUE_ON_ZERO' */;
/*!40111 SET @OLD_SQL_NOTES=@@SQL_NOTES, SQL_NOTES=0 */;

--
-- Table structure for table `category_ods`
--

DROP TABLE IF EXISTS `category_ods`;
/*!40101 SET @saved_cs_client     = @@character_set_client */;
/*!50503 SET character_set_client = utf8mb4 */;
CREATE TABLE `category_ods` (
  `category_name` text CHARACTER SET utf8 COLLATE utf8_bin,
  `category_id` bigint DEFAULT NULL
) ENGINE=InnoDB DEFAULT CHARSET=utf8mb4 COLLATE=utf8mb4_0900_ai_ci;
/*!40101 SET character_set_client = @saved_cs_client */;

--
-- Dumping data for table `category_ods`
--

LOCK TABLES `category_ods` WRITE;
/*!40000 ALTER TABLE `category_ods` DISABLE KEYS */;
INSERT INTO `category_ods` VALUES ('Gargen',101),('Electric',102),('Snack',103),('Household',104),('Grocery',105);
/*!40000 ALTER TABLE `category_ods` ENABLE KEYS */;
UNLOCK TABLES;

--
-- Table structure for table `order_ods`
--

DROP TABLE IF EXISTS `order_ods`;
/*!40101 SET @saved_cs_client     = @@character_set_client */;
/*!50503 SET character_set_client = utf8mb4 */;
CREATE TABLE `order_ods` (
  `store_id` bigint DEFAULT NULL,
  `status_id` bigint DEFAULT NULL,
  `shipped_date` datetime DEFAULT NULL,
  `tracking_number` text CHARACTER SET utf8 COLLATE utf8_bin,
  `shipper_id` bigint DEFAULT NULL,
  `customer_id` bigint DEFAULT NULL,
  `order_id` bigint DEFAULT NULL,
  `placed_date` datetime DEFAULT NULL
) ENGINE=InnoDB DEFAULT CHARSET=utf8mb4 COLLATE=utf8mb4_0900_ai_ci;
/*!40101 SET character_set_client = @saved_cs_client */;

--
-- Dumping data for table `order_ods`
--

LOCK TABLES `order_ods` WRITE;
/*!40000 ALTER TABLE `order_ods` DISABLE KEYS */;
INSERT INTO `order_ods` VALUES (8001,5,'2021-10-09 04:20:11','Asfagjhlkjsge134',601,500001,10000001,'2021-10-09 04:20:11'),(8002,5,'2021-09-30 11:09:28','Asfagjhlkjsge135',602,500002,10000002,'2021-09-30 11:09:28'),(8003,5,'2021-05-10 22:28:50','Asfagjhlkjsge136',603,500003,10000003,'2021-05-10 22:28:50'),(8004,5,'2021-08-25 09:32:57','Asfagjhlkjsge137',601,500004,10000004,'2021-08-25 09:32:57'),(8005,5,'2021-10-27 22:37:34','Asfagjhlkjsge138',602,500005,10000005,'2021-10-27 22:37:34'),(8001,5,'2021-07-29 21:18:50','Asfagjhlkjsge139',603,500006,10000006,'2021-07-29 21:18:50'),(8002,5,'2021-10-06 02:37:17','Asfagjhlkjsge140',601,500007,10000007,'2021-10-06 02:37:17'),(8003,5,'2021-08-24 04:06:14','Asfagjhlkjsge141',602,500008,10000008,'2021-08-24 04:06:14'),(8004,5,'2021-09-25 13:53:37','Asfagjhlkjsge142',603,500009,10000009,'2021-09-25 13:53:37'),(8005,5,'2021-10-28 02:03:52','Asfagjhlkjsge143',601,500010,10000010,'2021-10-28 02:03:52'),(8001,5,'2021-12-31 10:47:38','Asfagjhlkjsge144',602,500011,10000011,'2021-12-31 10:47:38'),(8002,5,'2021-11-18 07:25:06','Asfagjhlkjsge145',603,500012,10000012,'2021-11-18 07:25:06'),(8003,5,'2021-02-23 00:15:22','Asfagjhlkjsge146',601,500013,10000013,'2021-02-23 00:15:22'),(8004,5,'2021-04-02 08:11:05','Asfagjhlkjsge147',602,500014,10000014,'2021-04-02 08:11:05'),(8005,5,'2021-06-06 07:31:16','Asfagjhlkjsge148',603,500015,10000015,'2021-06-06 07:31:16'),(8001,5,'2021-05-26 20:16:04','Asfagjhlkjsge149',601,500016,10000016,'2021-05-26 20:16:04'),(8002,5,'2021-02-21 09:21:48','Asfagjhlkjsge150',602,500017,10000017,'2021-02-21 09:21:48'),(8003,5,'2021-08-09 18:25:21','Asfagjhlkjsge151',603,500018,10000018,'2021-08-09 18:25:21'),(8004,5,'2021-01-17 10:55:49','Asfagjhlkjsge152',601,500019,10000019,'2021-01-17 10:55:49'),(8005,5,'2021-12-17 18:30:23','Asfagjhlkjsge153',602,500020,10000020,'2021-12-17 18:30:23'),(8001,5,'2021-03-18 20:17:21','Asfagjhlkjsge154',603,500021,10000021,'2021-03-18 20:17:21'),(8002,5,'2021-01-21 02:42:30','Asfagjhlkjsge155',601,500022,10000022,'2021-01-21 02:42:30'),(8003,5,'2021-10-31 04:01:19','Asfagjhlkjsge156',602,500023,10000023,'2021-10-31 04:01:19'),(8004,5,'2021-10-16 18:53:05','Asfagjhlkjsge157',601,500024,10000024,'2021-10-16 18:53:05'),(8005,5,'2021-09-05 15:28:05','Asfagjhlkjsge158',602,500025,10000025,'2021-09-05 15:28:05'),(8001,5,'2021-11-20 13:00:49','Asfagjhlkjsge159',603,500026,10000026,'2021-11-20 13:00:49'),(8002,5,'2021-02-26 09:27:05','Asfagjhlkjsge160',601,500027,10000027,'2021-02-26 09:27:05'),(8003,5,'2021-07-16 10:53:26','Asfagjhlkjsge161',602,500028,10000028,'2021-07-16 10:53:26'),(8004,5,'2021-08-31 19:25:51','Asfagjhlkjsge162',603,500029,10000029,'2021-08-31 19:25:51'),(8005,5,'2021-08-28 22:27:35','Asfagjhlkjsge163',601,500030,10000030,'2021-08-28 22:27:35'),(8001,5,'2021-04-13 13:07:04','Asfagjhlkjsge164',602,500031,10000031,'2021-04-13 13:07:04'),(8002,5,'2021-04-12 19:20:22','Asfagjhlkjsge165',603,500032,10000032,'2021-04-12 19:20:22'),(8003,5,'2021-05-09 03:28:42','Asfagjhlkjsge166',601,500033,10000033,'2021-05-09 03:28:42'),(8004,5,'2021-01-11 17:24:03','Asfagjhlkjsge167',602,500034,10000034,'2021-01-11 17:24:03'),(8005,5,'2021-11-17 01:00:29','Asfagjhlkjsge168',601,500035,10000035,'2021-11-17 01:00:29'),(8001,5,'2021-06-23 21:04:57','Asfagjhlkjsge169',602,500036,10000036,'2021-06-23 21:04:57'),(8002,5,'2021-07-04 21:07:36','Asfagjhlkjsge170',603,500037,10000037,'2021-07-04 21:07:36'),(8003,5,'2021-03-10 02:09:32','Asfagjhlkjsge171',601,500038,10000038,'2021-03-10 02:09:32'),(8004,5,'2021-02-19 17:32:54','Asfagjhlkjsge172',602,500039,10000039,'2021-02-19 17:32:54'),(8005,5,'2021-05-13 21:41:37','Asfagjhlkjsge173',603,500040,10000040,'2021-05-13 21:41:37'),(8001,5,'2021-10-04 07:47:45','Asfagjhlkjsge174',601,500041,10000041,'2021-10-04 07:47:45'),(8002,5,'2021-11-17 11:02:48','Asfagjhlkjsge175',602,500042,10000042,'2021-11-17 11:02:48'),(8003,5,'2021-06-21 08:32:41','Asfagjhlkjsge176',603,500043,10000043,'2021-06-21 08:32:41'),(8004,5,'2021-05-24 03:42:37','Asfagjhlkjsge177',601,500044,10000044,'2021-05-24 03:42:37'),(8005,5,'2021-03-28 14:24:45','Asfagjhlkjsge178',602,500045,10000045,'2021-03-28 14:24:45'),(8001,5,'2021-02-27 21:12:17','Asfagjhlkjsge179',601,500046,10000046,'2021-02-27 21:12:17'),(8002,5,'2021-03-23 19:05:20','Asfagjhlkjsge180',602,500047,10000047,'2021-03-23 19:05:20'),(8002,5,'2021-02-22 05:43:11','Asfagjhlkjsge181',603,500048,10000048,'2021-02-22 05:43:11'),(8003,5,'2021-10-21 20:20:04','Asfagjhlkjsge182',601,500049,10000049,'2021-10-21 20:20:04'),(8004,5,'2021-04-03 00:17:19','Asfagjhlkjsge183',602,500050,10000050,'2021-04-03 00:17:19');
/*!40000 ALTER TABLE `order_ods` ENABLE KEYS */;
UNLOCK TABLES;

--
-- Table structure for table `orderline_ods`
--

DROP TABLE IF EXISTS `orderline_ods`;
/*!40101 SET @saved_cs_client     = @@character_set_client */;
/*!50503 SET character_set_client = utf8mb4 */;
CREATE TABLE `orderline_ods` (
  `order_id` bigint DEFAULT NULL,
  `product_id` bigint DEFAULT NULL,
  `product_quantity` bigint DEFAULT NULL,
  `unit_price` double DEFAULT NULL,
  `promotion_id` bigint DEFAULT NULL
) ENGINE=InnoDB DEFAULT CHARSET=utf8mb4 COLLATE=utf8mb4_0900_ai_ci;
/*!40101 SET character_set_client = @saved_cs_client */;

--
-- Dumping data for table `orderline_ods`
--

LOCK TABLES `orderline_ods` WRITE;
/*!40000 ALTER TABLE `orderline_ods` DISABLE KEYS */;
INSERT INTO `orderline_ods` VALUES (10000001,10001,1,12.49,1),(10000001,10002,2,16.98,3),(10000001,10011,1,21.44,3),(10000001,10013,1,10.18,3),(10000002,10002,2,16.98,2),(10000002,10003,1,4.74,1),(10000002,10012,2,5.18,1),(10000002,10014,2,8.98,1),(10000003,10003,1,4.74,3),(10000003,10004,2,99,2),(10000003,10013,1,10.18,2),(10000003,10015,1,5.98,2),(10000004,10004,2,99,1),(10000004,10005,1,4.87,3),(10000004,10014,2,8.98,3),(10000004,10016,2,23.94,3),(10000005,10005,1,4.87,2),(10000005,10006,2,6.71,1),(10000005,10015,1,5.98,1),(10000005,10017,1,7.93,1),(10000006,10006,2,6.71,3),(10000006,10007,1,17.47,2),(10000006,10016,2,23.94,2),(10000006,10018,2,33.74,2),(10000007,10007,1,17.47,1),(10000007,10008,2,3.19,3),(10000007,10017,1,7.93,3),(10000007,10019,1,2.58,3),(10000008,10008,2,3.19,2),(10000008,10009,1,3.98,1),(10000008,10018,2,33.74,1),(10000008,10020,2,8.99,1),(10000009,10001,1,12.49,2),(10000009,10009,1,3.98,3),(10000009,10010,2,9.48,2),(10000009,10019,1,2.58,2),(10000010,10002,2,16.98,3),(10000010,10010,2,9.48,1),(10000010,10011,1,21.44,3),(10000010,10020,2,8.99,3),(10000011,10001,1,12.49,1),(10000011,10003,1,4.74,1),(10000011,10011,1,21.44,2),(10000011,10012,2,5.18,1),(10000012,10002,2,16.98,2),(10000012,10004,2,99,2),(10000012,10012,2,5.18,3),(10000012,10013,1,10.18,2),(10000013,10003,1,4.74,3),(10000013,10005,1,4.87,3),(10000013,10013,1,10.18,1),(10000013,10014,2,8.98,3),(10000014,10004,2,99,1),(10000014,10006,2,6.71,1),(10000014,10014,2,8.98,2),(10000014,10015,1,5.98,1),(10000015,10005,1,4.87,2),(10000015,10007,1,17.47,2),(10000015,10015,1,5.98,3),(10000015,10016,2,23.94,2),(10000016,10006,2,6.71,3),(10000016,10008,2,3.19,3),(10000016,10016,2,23.94,1),(10000016,10017,1,7.93,3),(10000017,10007,1,17.47,1),(10000017,10009,1,3.98,1),(10000017,10017,1,7.93,2),(10000017,10018,2,33.74,1),(10000018,10008,2,3.19,2),(10000018,10010,2,9.48,2),(10000018,10018,2,33.74,3),(10000018,10019,1,2.58,2),(10000019,10009,1,3.98,3),(10000019,10011,1,21.44,3),(10000019,10019,1,2.58,1),(10000019,10020,2,8.99,3),(10000020,10001,1,12.49,1),(10000020,10010,2,9.48,1),(10000020,10012,2,5.18,1),(10000020,10020,2,8.99,2),(10000021,10001,1,12.49,3),(10000021,10002,2,16.98,2),(10000021,10011,1,21.44,2),(10000021,10013,1,10.18,2),(10000022,10002,2,16.98,1),(10000022,10003,1,4.74,3),(10000022,10012,2,5.18,3),(10000022,10014,2,8.98,3),(10000023,10003,1,4.74,2),(10000023,10004,2,99,1),(10000023,10013,1,10.18,1),(10000023,10015,1,5.98,1),(10000024,10004,2,99,3),(10000024,10005,1,4.87,2),(10000024,10014,2,8.98,2),(10000024,10016,2,23.94,2),(10000025,10005,1,4.87,1),(10000025,10006,2,6.71,3),(10000025,10015,1,5.98,3),(10000025,10017,1,7.93,3),(10000026,10006,2,6.71,2),(10000026,10007,1,17.47,1),(10000026,10016,2,23.94,1),(10000026,10018,2,33.74,1),(10000027,10007,1,17.47,3),(10000027,10008,2,3.19,2),(10000027,10017,1,7.93,2),(10000027,10019,1,2.58,2),(10000028,10008,2,3.19,1),(10000028,10009,1,3.98,3),(10000028,10018,2,33.74,3),(10000028,10020,2,8.99,3),(10000029,10001,1,12.49,1),(10000029,10009,1,3.98,2),(10000029,10010,2,9.48,1),(10000029,10019,1,2.58,1),(10000030,10002,2,16.98,2),(10000030,10010,2,9.48,3),(10000030,10011,1,21.44,2),(10000030,10020,2,8.99,2),(10000031,10001,1,12.49,3),(10000031,10003,1,4.74,3),(10000031,10011,1,21.44,1),(10000031,10012,2,5.18,3),(10000032,10002,2,16.98,1),(10000032,10004,2,99,1),(10000032,10012,2,5.18,2),(10000032,10013,1,10.18,1),(10000033,10003,1,4.74,2),(10000033,10005,1,4.87,2),(10000033,10013,1,10.18,3),(10000033,10014,2,8.98,2),(10000034,10004,2,99,3),(10000034,10006,2,6.71,3),(10000034,10014,2,8.98,1),(10000034,10015,1,5.98,3),(10000035,10005,1,4.87,1),(10000035,10007,1,17.47,1),(10000035,10015,1,5.98,2),(10000035,10016,2,23.94,1),(10000036,10006,2,6.71,2),(10000036,10008,2,3.19,2),(10000036,10016,2,23.94,3),(10000036,10017,1,7.93,2),(10000037,10007,1,17.47,3),(10000037,10009,1,3.98,3),(10000037,10017,1,7.93,1),(10000037,10018,2,33.74,3),(10000038,10008,2,3.19,1),(10000038,10010,2,9.48,1),(10000038,10018,2,33.74,2),(10000038,10019,1,2.58,1),(10000039,10009,1,3.98,2),(10000039,10011,1,21.44,2),(10000039,10019,1,2.58,3),(10000039,10020,2,8.99,2),(10000040,10001,1,12.49,3),(10000040,10010,2,9.48,3),(10000040,10012,2,5.18,3),(10000040,10020,2,8.99,1),(10000041,10001,1,12.49,2),(10000041,10002,2,16.98,1),(10000041,10011,1,21.44,1),(10000041,10013,1,10.18,1),(10000042,10002,2,16.98,3),(10000042,10003,1,4.74,2),(10000042,10012,2,5.18,2),(10000042,10014,2,8.98,2),(10000043,10003,1,4.74,1),(10000043,10004,2,99,3),(10000043,10013,1,10.18,3),(10000043,10015,1,5.98,3),(10000044,10004,2,99,2),(10000044,10005,1,4.87,1),(10000044,10014,2,8.98,1),(10000044,10016,2,23.94,1),(10000045,10005,1,4.87,3),(10000045,10006,2,6.71,2),(10000045,10015,1,5.98,2),(10000045,10017,1,7.93,2),(10000046,10006,2,6.71,1),(10000046,10007,1,17.47,3),(10000046,10016,2,23.94,3),(10000046,10018,2,33.74,3),(10000047,10007,1,17.47,2),(10000047,10008,2,3.19,1),(10000047,10017,1,7.93,1),(10000047,10019,1,2.58,1),(10000048,10008,2,3.19,3),(10000048,10009,1,3.98,2),(10000048,10018,2,33.74,2),(10000048,10020,2,8.99,2),(10000049,10001,1,12.49,3),(10000049,10009,1,3.98,1),(10000049,10010,2,9.48,3),(10000049,10019,1,2.58,3),(10000050,10001,1,12.49,2),(10000050,10002,2,16.98,1),(10000050,10010,2,9.48,2),(10000050,10011,1,21.44,1),(10000050,10012,2,5.18,2),(10000050,10020,2,8.99,1);
/*!40000 ALTER TABLE `orderline_ods` ENABLE KEYS */;
UNLOCK TABLES;

--
-- Table structure for table `product_ods`
--

DROP TABLE IF EXISTS `product_ods`;
/*!40101 SET @saved_cs_client     = @@character_set_client */;
/*!50503 SET character_set_client = utf8mb4 */;
CREATE TABLE `product_ods` (
  `category_id` bigint DEFAULT NULL,
  `units_in_stock` bigint DEFAULT NULL,
  `product_id` bigint DEFAULT NULL,
  `unit_price` double DEFAULT NULL,
  `product_name` text CHARACTER SET utf8 COLLATE utf8_bin
) ENGINE=InnoDB DEFAULT CHARSET=utf8mb4 COLLATE=utf8mb4_0900_ai_ci;
/*!40101 SET character_set_client = @saved_cs_client */;

--
-- Dumping data for table `product_ods`
--

LOCK TABLES `product_ods` WRITE;
/*!40000 ALTER TABLE `product_ods` DISABLE KEYS */;
INSERT INTO `product_ods` VALUES (105,1000,10001,12.49,'Angus filt Mignon'),(105,1000,10002,16.98,'Lobster Tail'),(105,1000,10003,4.74,'Fresh strawberries'),(102,1000,10004,99,'PowerXl Air Fryer'),(105,1000,10005,4.87,'Mini Rose Plus Bouquet'),(105,1000,10006,6.71,'Seedless Grapes'),(105,1000,10007,17.47,'Salami&Olive tray'),(105,1000,10008,3.19,'Papaya'),(105,1000,10009,3.98,'Asparagus Spears'),(104,1000,10010,9.48,'Angel Soft Toilet paper'),(104,1000,10011,21.44,'Laundry Detergent '),(104,1000,10012,5.18,'Zipper Bags'),(103,1000,10013,10.18,'Coca-Cola Surgar cans'),(105,1000,10014,8.98,'Mountain Dew 12pack'),(105,1000,10015,5.98,'Orange Jucie'),(105,1000,10016,23.94,'Angus Ribeye Steak'),(105,1000,10017,7.93,'Tuna Steaks'),(105,1000,10018,33.74,'Snow Crab legs'),(105,1000,10019,2.58,'Blackberries'),(105,1000,10020,8.99,'Maple Syrup');
/*!40000 ALTER TABLE `product_ods` ENABLE KEYS */;
UNLOCK TABLES;

--
-- Table structure for table `promotion_ods`
--

DROP TABLE IF EXISTS `promotion_ods`;
/*!40101 SET @saved_cs_client     = @@character_set_client */;
/*!50503 SET character_set_client = utf8mb4 */;
CREATE TABLE `promotion_ods` (
  `promotion_name` text CHARACTER SET utf8 COLLATE utf8_bin,
  `promotion_id` bigint DEFAULT NULL,
  `discount` double DEFAULT NULL
) ENGINE=InnoDB DEFAULT CHARSET=utf8mb4 COLLATE=utf8mb4_0900_ai_ci;
/*!40101 SET character_set_client = @saved_cs_client */;

--
-- Dumping data for table `promotion_ods`
--

LOCK TABLES `promotion_ods` WRITE;
/*!40000 ALTER TABLE `promotion_ods` DISABLE KEYS */;
INSERT INTO `promotion_ods` VALUES ('NewYear2021',1,0.2),('LaborDay2021',2,0.2),('Christmas2021',3,0.25);
/*!40000 ALTER TABLE `promotion_ods` ENABLE KEYS */;
UNLOCK TABLES;

--
-- Table structure for table `store_ods`
--

DROP TABLE IF EXISTS `store_ods`;
/*!40101 SET @saved_cs_client     = @@character_set_client */;
/*!50503 SET character_set_client = utf8mb4 */;
CREATE TABLE `store_ods` (
  `store_id` bigint DEFAULT NULL,
  `manager_id` bigint DEFAULT NULL,
  `address_id` bigint DEFAULT NULL,
  `store_name` text CHARACTER SET utf8 COLLATE utf8_bin
) ENGINE=InnoDB DEFAULT CHARSET=utf8mb4 COLLATE=utf8mb4_0900_ai_ci;
/*!40101 SET character_set_client = @saved_cs_client */;

--
-- Dumping data for table `store_ods`
--

LOCK TABLES `store_ods` WRITE;
/*!40000 ALTER TABLE `store_ods` DISABLE KEYS */;
INSERT INTO `store_ods` VALUES (8001,703,15,'Hello'),(8002,701,22,'World'),(8003,702,7,'java'),(8004,709,4,'Python'),(8005,707,3,'mysql');
/*!40000 ALTER TABLE `store_ods` ENABLE KEYS */;
UNLOCK TABLES;

--
-- Table structure for table `supplier_ods`
--

DROP TABLE IF EXISTS `supplier_ods`;
/*!40101 SET @saved_cs_client     = @@character_set_client */;
/*!50503 SET character_set_client = utf8mb4 */;
CREATE TABLE `supplier_ods` (
  `address_id` bigint DEFAULT NULL,
  `supplier_name` text CHARACTER SET utf8 COLLATE utf8_bin,
  `supplier_id` bigint DEFAULT NULL
) ENGINE=InnoDB DEFAULT CHARSET=utf8mb4 COLLATE=utf8mb4_0900_ai_ci;
/*!40101 SET character_set_client = @saved_cs_client */;

--
-- Dumping data for table `supplier_ods`
--

LOCK TABLES `supplier_ods` WRITE;
/*!40000 ALTER TABLE `supplier_ods` DISABLE KEYS */;
INSERT INTO `supplier_ods` VALUES (500001,'Plug Power Inc.',201),(500002,'Funai Electric Co.',202),(500003,'CCA Industries Inc.',203),(500004,'Green Dot Corporation',204),(500005,'Primo Water Corporation',205),(500006,'Arkansas Inc',206),(500007,'Hasbro Inc',207),(500008,'Archway cookies',208),(500009,'Grupo Bimbo',209),(500010,'ConAgra Foods',210);
/*!40000 ALTER TABLE `supplier_ods` ENABLE KEYS */;
UNLOCK TABLES;
/*!40103 SET TIME_ZONE=@OLD_TIME_ZONE */;

/*!40101 SET SQL_MODE=@OLD_SQL_MODE */;
/*!40014 SET FOREIGN_KEY_CHECKS=@OLD_FOREIGN_KEY_CHECKS */;
/*!40014 SET UNIQUE_CHECKS=@OLD_UNIQUE_CHECKS */;
/*!40101 SET CHARACTER_SET_CLIENT=@OLD_CHARACTER_SET_CLIENT */;
/*!40101 SET CHARACTER_SET_RESULTS=@OLD_CHARACTER_SET_RESULTS */;
/*!40101 SET COLLATION_CONNECTION=@OLD_COLLATION_CONNECTION */;
/*!40111 SET SQL_NOTES=@OLD_SQL_NOTES */;

-- Dump completed on 2022-02-14 13:45:13
